sequence,score1,score2,score3,risk,finance,Value,personal,index
1,0.009,133.215492,0,0,0.45,3,0,5
2,0.026,125.168987,0,0,0.55,1,3,4
3,0.163,98.977222,0,0,8.15,3,0,-1
4,3.076,196.565432,0,3,0.8,1,0,5
5,3.049,94.210864,0,3,0.2,2,0,5
6,0.006,203.633199,0,0,0.3,1,0,5
7,0.013,128.309684,0,0,0.65,2,0,5
8,0.002,191.729224,0,0,0.1,1,0,6
9,0.021,166.291099,0,0,1.05,3,0,6
10,0.016,191.798824,0,0,0.8,2,0,5
11,0.016,196.635032,0,0,0.8,2,0,5
12,3.061,196.635032,0,3,0.8,3,0,5
13,0.011,166.291099,0,0,0.55,2,0,5
14,0.006,164.104015,0,0,0.3,1,0,6
15,3.069,95.917867,0,3,1.2,1,0,4
16,3.054,163.559425,0,3,0.45,2,0,5
17,0.039,149.398313,0,0,1.95,2,0,5
18,3.066,166.291099,0,3,0.3,2,0,5
19,0.016,196.635032,0,0,0.8,3,0,6
20,0.019,138.096175,0,0,0.95,2,0,4
21,0.029,102.916034,0,0,0.7,1,3,4
22,0.019,196.565432,0,0,0.95,1,0,4
23,3.099,144.562105,0,3,2.7,3,0,4
24,0.016,164.104015,0,0,0.8,3,0,4
25,3.144,77.932268,0,3,3.45,1,0,3
26,4.074,196.635032,0,4,1.2,2,10,5
27,0.017,196.635032,0,0,0.85,3,0,5
28,0.024,128.379284,0,0,1.2,2,0,4
29,0.044,152.129987,0,0,2.2,3,0,4
30,0.047,121.830529,0,0,2.35,1,0,4
31,3.173,157.121369,0,3,0.65,2,8,5
32,0.02,117.405377,0,0,1,3,0,5
33,0.01,133.215492,0,0,0.5,3,0,5
34,0.016,166.291099,0,0,0.8,3,0,5
35,0.022,159.225903,0,0,0.35,2,3,5
36,0.029,100.684475,0,0,0.7,2,3,4
37,4.075,140.827849,0,4,1.25,1,10,3
38,0.049,149.398313,0,0,2.45,2,0,6
39,0.017,133.829682,0,0,0.85,2,0,4
40,4.022,196.635032,0,4,0.35,3,3,5
41,0.007,163.559425,0,0,0.35,3,0,6
42,0.033,133.215492,0,0,0.9,1,3,4
43,0.014,203.633199,0,0,0.7,3,0,4
44,3.132,128.993474,0,3,1.35,3,0,4
45,0.034,60.813324,0,0,1.7,1,0,1
46,0.016,166.291099,0,0,0.8,2,0,5
47,3.131,133.215492,0,3,0.55,2,0,4
48,3.111,124.848852,0,3,1.05,1,3,5
49,3.144,166.291099,0,3,0.45,3,0,5
50,0.019,128.923874,0,0,0.95,2,0,4
51,4.074,161.385291,0,4,1.2,2,10,3
52,0.027,139.428789,0,0,1.35,1,0,1
53,5.074,94.254631,0,5,3.7,1,0,4
54,3.125,196.635032,0,3,0.25,2,0,5
55,0.005,166.291099,0,0,0.25,3,0,5
56,0.051,113.125359,0,0,2.55,1,0,4
57,0.002,196.635032,0,0,0.1,2,0,6
58,0.016,163.559425,0,0,0.8,2,0,5
59,0.024,196.635032,0,0,1.2,2,0,4
60,0.006,196.565432,0,0,0.3,2,0,6
61,3.069,196.635032,0,3,0.45,2,0,5
62,0.016,191.798824,0,0,0.8,3,0,6
63,3.076,191.798824,0,3,0.8,2,0,5
64,0.011,166.291099,0,0,0.55,2,0,5
65,3.077,128.379284,0,3,0.85,2,3,6
66,4.063,196.635032,0,4,0.65,3,10,6
67,3.179,163.559425,0,3,0.95,2,8,4
68,0.017,133.215492,0,0,0.85,3,0,3
69,0.013,166.291099,0,0,0.65,3,0,4
70,0.021,166.291099,0,0,1.05,3,0,4
71,0.023,166.291099,0,0,1.15,2,0,3
72,0.004,196.635032,0,0,0.2,3,0,6
73,0.02,163.559425,0,0,1,2,0,4
74,0.011,163.559425,0,0,0.55,3,0,5
75,0.007,161.957577,0,0,0.35,3,0,5
76,3.074,166.291099,0,3,0.7,2,0,4
77,3.081,164.173615,0,3,1.05,3,0,4
78,0.01,100.754075,0,0,0.5,1,0,4
79,0.013,163.559425,0,0,0.65,2,0,6
80,0.009,196.635032,0,0,0.45,2,0,6
81,0.011,118.019567,0,0,0.55,2,0,4
82,0.02,163.559425,0,0,1,3,0,4
83,0.004,196.635032,0,0,0.2,3,0,5
84,0.02,161.454891,0,0,1,2,0,4
85,0.042,149.398313,0,0,2.1,4,0,5
86,0.014,159.267807,0,0,0.7,2,0,4
87,3.081,149.398313,0,3,1.05,3,0,6
88,0.019,133.215492,0,0,0.95,3,0,4
89,0.007,196.635032,0,0,0.35,2,0,6
90,0.004,163.559425,0,0,0.2,2,0,6
91,0.017,92.09338,0,0,0.85,1,0,4
92,3.096,182.47392,0,3,1.8,3,0,5
93,0.002,196.635032,0,0,0.1,3,0,6
94,3.087,144.879187,0,3,1.35,1,0,2
95,0.01,163.489825,0,0,0.5,5,0,6
96,4.067,163.489825,0,4,0.85,2,10,4
97,0.036,163.559425,0,0,1.05,2,3,4
98,3.084,133.215492,0,3,1.2,2,0,4
99,0.009,133.215492,0,0,0.45,2,0,5
100,0.011,196.635032,0,0,0.55,2,0,5
101,0.045,149.398313,0,0,2.25,2,0,5
102,0.004,166.291099,0,0,0.2,2,0,5
103,0.039,80.343807,0,0,1.95,3,0,6
104,0.019,196.635032,0,0,0.95,2,0,4
105,0.166,98.977222,0,0,8.3,3,0,-1
106,0.006,203.633199,0,0,0.3,2,0,5
107,0.009,196.635032,0,0,0.45,3,0,6
108,0.017,133.215492,0,0,0.85,2,0,4
109,0.011,163.559425,0,0,0.55,2,0,6
110,3.073,163.559425,0,3,0.65,3,0,5
111,0.012,196.635032,0,0,0.6,2,0,4
112,0.014,191.798824,0,0,0.7,1,0,5
113,3.071,163.559425,0,3,0.55,3,0,5
114,0.011,163.559425,0,0,0.55,2,0,5
115,3.08,128.309684,0,3,1,2,0,5
116,3.069,163.559425,0,3,0.45,2,0,5
117,0.012,166.291099,0,0,0.6,3,0,5
118,0.006,196.635032,0,0,0.3,2,0,6
119,4.062,196.635032,0,4,0.6,3,10,6
120,0.004,196.635032,0,0,0.2,3,0,5
121,3.147,46.163787,0,3,1.35,1,0,3
122,4.121,128.88197,0,4,0.55,2,10,5
123,0.026,196.635032,0,0,0.55,1,3,4
124,3.062,133.215492,0,3,0.1,5,0,5
125,0.004,133.215492,0,0,0.2,2,0,6
126,0.018,133.145892,0,0,0.9,1,0,5
127,0.021,128.923874,0,0,1.05,1,0,4
128,0.027,163.559425,0,0,0.6,2,3,4
129,0.039,182.47392,0,0,1.95,3,0,5
130,3.159,182.40432,0,3,2.7,3,0,5
131,0.023,120.988831,0,0,1.15,1,0,2
132,0.036,182.47392,0,0,1.8,2,0,5
133,0.006,158.653617,0,0,0.3,1,0,5
134,0.005,196.635032,0,0,0.25,3,0,5
135,0.019,157.924459,0,0,0.95,3,0,6
136,0.004,163.559425,0,0,0.2,3,0,6
137,0.012,164.173615,0,0,0.6,2,0,4
138,3.066,166.291099,0,3,0.3,2,3,5
139,0.004,166.291099,0,0,0.2,2,0,5
140,0.013,196.635032,0,0,0.65,2,0,5
141,0.071,143.693747,0,0,2.8,2,3,4
142,0.021,166.291099,0,0,0.3,2,3,5
143,0.021,196.635032,0,0,0.3,3,3,5
144,0.008,158.653617,0,0,0.4,1,0,5
145,0.074,112.327428,0,0,2.95,2,3,2
146,0.011,163.559425,0,0,0.55,2,0,5
147,0.006,196.635032,0,0,0.3,2,0,5
148,3.068,196.635032,0,3,0.4,2,0,6
149,3.088,163.559425,0,3,0.65,1,3,5
150,0.022,166.291099,0,0,0.35,2,3,5
151,3.069,196.565432,0,3,0.45,3,0,6
152,0.014,196.635032,0,0,0.7,2,0,4
153,0.017,47.679065,0,0,0.85,1,0,4
154,0.012,131.098008,0,0,0.6,1,0,6
155,4.056,196.635032,0,4,0.3,2,10,5
156,0.048,149.398313,0,0,2.4,2,0,4
157,0.009,196.635032,0,0,0.45,2,0,5
158,0.016,191.798824,0,0,0.8,3,0,5
159,3.08,87.481627,0,3,1,1,0,4
160,3.135,163.559425,0,3,0.75,3,0,4
161,0.019,191.729224,0,0,0.95,1,0,5
162,3.077,157.924459,0,3,0.85,3,0,4
163,3.126,166.291099,0,3,0.3,2,0,6
164,0.011,196.635032,0,0,0.55,3,0,4
165,4.064,164.173615,0,4,0.7,3,10,4
166,0.018,196.635032,0,0,0.15,2,3,5
167,0.025,161.454891,0,0,1.25,3,0,3
168,0.027,51.278273,0,0,1.35,3,0,4
169,0.017,163.559425,0,0,0.85,2,0,4
170,4.127,187.395702,0,4,0.85,2,10,3
171,0.01,196.635032,0,0,0.5,3,0,6
172,0.006,166.291099,0,0,0.3,3,0,5
173,0.014,163.559425,0,0,0.7,2,0,4
174,0.009,196.635032,0,0,0.45,2,0,5
175,0.018,122.28606,0,0,0.9,1,0,4
176,0.014,161.385291,0,0,0.7,1,0,5
177,3.066,166.291099,0,3,0.3,2,0,5
178,0.043,119.05438,0,0,2.15,3,0,5
179,0.024,164.104015,0,0,1.2,1,0,3
180,0.022,166.291099,0,0,0.35,2,3,5
181,3.089,140.827849,0,3,0.7,1,3,4
182,0.021,182.47392,0,0,0.3,2,3,5
183,0.011,196.635032,0,0,0.55,2,0,5
184,4.067,164.173615,0,4,0.85,2,10,4
185,0.014,196.635032,0,0,0.7,2,0,4
186,3.123,57.731142,0,3,3.9,3,0,5
187,4.112,166.291099,0,4,0.1,3,10,6
188,3.149,150.480984,0,3,0.7,3,0,4
189,4.059,163.559425,0,4,0.45,2,10,5
190,0.015,166.291099,0,0,0.75,2,0,4
191,0.019,163.489825,0,0,0.95,3,0,4
192,0.019,158.723217,0,0,0.95,3,0,6
193,3.18,131.621856,0,3,2.25,2,3,6
194,0.043,103.728121,0,0,2.15,3,0,2
195,3.104,103.788855,0,3,2.2,1,0,4
196,3.152,158.723217,0,3,0.85,3,0,5
197,0.064,118.98478,0,0,2.45,2,3,4
198,3.067,163.559425,0,3,0.35,2,0,5
199,4.061,163.559425,0,4,0.55,2,10,4
200,0.007,196.635032,0,0,0.35,1,0,6
201,0.017,119.05438,0,0,0.85,2,0,4
202,0.014,133.215492,0,0,0.7,3,0,5
203,0.003,163.559425,0,0,0.15,2,0,6
204,0.021,159.156303,0,0,1.05,2,0,4
205,3.144,163.559425,0,3,0.45,2,0,6
206,0.012,158.723217,0,0,0.6,3,0,6
207,0.02,196.635032,0,0,1,3,0,6
208,0.009,163.559425,0,0,0.45,3,0,5
209,3.127,163.559425,0,3,0.35,2,0,5
210,0.025,120.557234,0,0,1.25,1,0,3
211,0.024,158.723217,0,0,1.2,2,0,4
212,4.185,89.988846,0,4,1,2,3,4
213,0.004,196.635032,0,0,0.2,2,0,5
214,0.029,94.825054,0,0,0.7,1,3,4
215,0.023,180.824917,0,0,1.15,2,0,4
216,3.101,152.129987,0,3,2.05,3,0,5
217,4.06,163.559425,0,4,0.5,2,10,5
218,3.066,196.635032,0,3,0.3,2,0,5
219,3.064,196.635032,0,3,0.2,2,0,6
220,4.151,182.47392,0,4,2.05,2,10,5
221,3.139,33.711963,0,3,3.95,1,0,2
222,3.091,166.291099,0,3,0.8,3,3,6
223,0.021,43.94985,0,0,1.05,1,0,4
224,0.014,166.291099,0,0,0.7,3,0,4
225,0.017,163.489825,0,0,0.85,3,0,4
226,4.116,196.635032,0,4,0.3,3,10,5
227,0.013,166.291099,0,0,0.65,2,0,4
228,0.021,123.183502,0,0,1.05,1,0,4
229,0.02,161.454891,0,0,1,2,0,4
230,0.006,163.559425,0,0,0.3,3,0,6
231,0.011,163.559425,0,0,0.55,2,0,4
232,0.017,166.291099,0,0,0.85,3,0,5
233,0.019,95.848267,0,0,0.95,1,0,4
234,0.011,196.635032,0,0,0.55,1,0,5
235,0.011,133.215492,0,0,0.55,1,0,4
236,4.144,187.138647,0,4,0.95,2,10,6
237,3.086,196.635032,0,3,0.55,2,3,5
238,0.013,164.104015,0,0,0.65,2,0,4
239,0.007,133.215492,0,0,0.35,2,0,5
240,0.017,166.221499,0,0,0.85,2,0,4
241,0.006,122.450263,0,0,0.3,3,0,6
242,3.074,196.635032,0,3,0.7,5,0,4
243,0.004,166.291099,0,0,0.2,2,0,5
244,3.083,191.798824,0,3,1.15,3,0,6
245,0.014,196.635032,0,0,0.7,2,0,4
246,3.077,191.798824,0,3,0.85,5,3,6
247,0.017,163.559425,0,0,0.85,2,0,4
248,0.019,166.291099,0,0,0.95,2,0,4
249,0.015,133.829682,0,0,0.75,2,0,4
250,0.025,87.481627,0,0,1.25,1,0,4
251,0.016,192.30151,0,0,0.8,2,0,4
252,0.017,133.215492,0,0,0.85,2,0,3
253,0.046,180.418835,0,0,2.3,3,0,6
254,3.074,135.377451,0,3,0.7,1,0,4
255,0.024,198.796991,0,0,0.45,2,3,5
256,0.017,163.559425,0,0,0.85,2,0,4
257,0.029,128.309684,0,0,0.7,2,3,4
258,3.14,126.1922,0,3,1,1,0,4
259,0.014,163.559425,0,0,0.7,3,0,5
260,0.003,196.635032,0,0,0.15,2,0,6
261,0.024,149.398313,0,0,1.2,2,0,4
262,0.023,203.633199,0,0,1.15,2,0,3
263,0.017,119.718589,0,0,0.85,2,0,4
264,0.017,163.559425,0,0,0.85,3,0,3
265,3.076,131.098008,0,3,0.8,1,0,5
266,0.167,98.977222,0,0,8.35,2,0,-1
267,0.037,120.557234,0,0,1.85,1,0,3
268,0.162,98.977222,0,0,8.1,2,0,-1
269,0.008,163.559425,0,0,0.4,2,0,5
270,5.06,96.220973,0,5,3,1,0,3
271,0.016,163.559425,0,0,0.8,2,0,5
272,3.148,92.09338,0,3,0.65,1,0,4
273,3.159,133.215492,0,3,0.45,2,3,5
274,0.006,196.635032,0,0,0.3,2,0,5
275,0.003,196.635032,0,0,0.15,2,0,6
276,0.009,133.215492,0,0,0.45,3,0,5
277,0.004,150.480984,0,0,0.2,2,0,5
278,0.019,163.559425,0,0,0.2,2,3,6
279,0.034,182.47392,0,0,1.7,2,0,5
280,0.006,166.221499,0,0,0.3,1,0,5
281,0.016,191.798824,0,0,0.8,2,0,6
282,0.006,163.559425,0,0,0.3,3,0,6
283,0.003,163.489825,0,0,0.15,3,0,6
284,0.024,133.215492,0,0,1.2,2,0,4
285,3.08,87.257172,0,3,1,3,0,4
286,0.028,187.465302,0,0,0.65,3,3,5
287,0.014,159.225903,0,0,0.7,2,0,3
288,3.126,163.559425,0,3,0.3,2,0,6
289,3.092,105.329969,0,3,1.6,3,0,2
290,0.005,196.635032,0,0,0.25,2,0,5
291,3.168,182.47392,0,3,1.65,5,0,6
292,0.053,119.05438,0,0,2.65,2,0,4
293,0.036,182.40432,0,0,1.8,2,0,5
294,0.022,128.379284,0,0,1.1,5,0,6
295,3.063,163.559425,0,3,0.15,2,0,5
296,3.181,161.454891,0,3,0.8,2,0,5
297,0.019,194.649547,0,0,0.95,2,0,5
298,3.126,196.635032,0,3,0.3,3,0,5
299,3.079,120.012644,0,3,0.95,3,0,6
300,3.069,166.291099,0,3,0.45,2,0,5
301,0.047,157.01067,0,0,2.35,1,0,4
302,0.012,163.559425,0,0,0.6,2,0,5
303,0.011,166.291099,0,0,0.55,3,0,6
304,0.016,158.723217,0,0,0.8,2,0,5
305,0.015,196.635032,0,0,0.75,2,0,6
306,0.021,157.630404,0,0,1.05,2,0,4
307,0.004,196.635032,0,0,0.2,2,0,5
308,0.036,182.47392,0,0,1.8,4,0,6
309,0.037,152.129987,0,0,1.85,3,0,5
310,3.149,196.635032,0,3,0.7,3,0,4
311,0.006,196.635032,0,0,0.3,2,0,6
312,0.043,149.398313,0,0,2.15,3,0,6
313,3.148,133.215492,0,3,0.65,2,0,5
314,0.017,157.630404,0,0,0.85,3,0,4
315,0.012,166.291099,0,0,0.6,2,0,4
316,0.046,119.05438,0,0,2.3,2,0,6
317,0.009,196.635032,0,0,0.45,2,0,5
318,0.007,166.291099,0,0,0.35,1,0,6
319,0.011,163.559425,0,0,0.55,2,0,5
320,4.185,166.291099,0,4,0.75,3,10,5
321,0.019,163.559425,0,0,0.95,2,0,4
322,0.01,133.215492,0,0,0.5,2,0,5
323,3.07,163.559425,0,3,0.5,2,0,6
324,0.031,153.088251,0,0,1.55,1,0,4
325,3.081,196.635032,0,3,0.3,2,3,5
326,0.006,192.30151,0,0,0.3,5,0,6
327,0.013,196.635032,0,0,0.65,3,0,5
328,3.072,118.019567,0,3,0.6,3,0,4
329,0.014,166.291099,0,0,0.7,2,0,4
330,4.069,166.291099,0,4,0.95,2,10,4
331,0.011,131.028408,0,0,0.55,1,0,5
332,0.036,182.47392,0,0,1.8,2,0,6
333,0.015,140.213659,0,0,0.75,2,0,3
334,0.02,196.635032,0,0,1,2,0,4
335,0.003,163.559425,0,0,0.15,3,0,6
336,4.071,128.379284,0,4,1.05,2,10,4
337,3.094,157.924459,0,3,0.95,2,0,5
338,0.017,171.171782,0,0,0.85,2,0,4
339,0.052,177.568112,0,0,2.6,3,0,5
340,3.067,157.630404,0,3,0.35,3,0,5
341,0.018,166.291099,0,0,0.15,7,3,5
342,3.063,163.559425,0,3,0.15,2,0,6
343,0.014,164.173615,0,0,0.7,2,0,4
344,0.009,163.489825,0,0,0.45,3,0,5
345,0.013,163.559425,0,0,0.65,3,0,6
346,3.051,196.635032,0,3,0.3,2,0,5
347,0.03,166.291099,0,0,0.75,3,3,5
348,0.009,164.104015,0,0,0.45,3,0,5
349,0.006,166.291099,0,0,0.3,2,0,5
350,3.152,94.210864,0,3,0.85,2,0,4
351,0.006,163.559425,0,0,0.3,2,0,6
352,0.011,163.559425,0,0,0.55,2,0,5
353,0.016,119.718589,0,0,0.8,1,0,4
354,0.003,158.653617,0,0,0.15,3,0,5
355,0.011,133.829682,0,0,0.55,2,0,4
356,4.062,158.723217,0,4,0.6,2,10,5
357,0.013,133.215492,0,0,0.65,1,0,5
358,0.014,92.09338,0,0,0.7,1,0,4
359,3.066,95.848267,0,3,1.05,2,0,4
360,0.019,119.05438,0,0,0.95,2,0,4
361,0.015,59.734293,0,0,0.75,2,0,4
362,0.013,166.291099,0,0,0.65,2,0,5
363,0.025,163.489825,0,0,1.25,2,0,4
364,0.009,166.291099,0,0,0.45,2,0,5
365,4.045,156.39648,0,4,2.25,3,0,4
366,3.075,92.09338,0,3,0.75,1,0,4
367,0.03,94.825054,0,0,0.75,1,3,4
368,0.007,163.559425,0,0,0.35,2,0,6
369,0.009,133.215492,0,0,0.45,3,0,5
370,0.023,120.332779,0,0,1.15,1,0,4
371,0.014,171.171782,0,0,0.7,1,0,4
372,0.009,158.653617,0,0,0.45,3,0,5
373,4.07,57.137694,0,4,1,1,10,4
374,0.009,196.635032,0,0,0.45,1,0,5
375,3.09,87.257172,0,3,1.5,1,0,4
376,0.014,196.635032,0,0,0.7,2,0,5
377,0.016,161.454891,0,0,0.8,3,0,5
378,0.019,131.028408,0,0,0.95,1,0,4
379,0.167,98.977222,0,0,8.35,2,0,-1
380,0.029,138.096175,0,0,1.45,1,0,4
381,0.006,196.635032,0,0,0.3,1,0,5
382,0.005,196.635032,0,0,0.25,2,0,5
383,0.012,161.454891,0,0,0.6,3,0,5
384,0.013,163.559425,0,0,0.65,3,0,5
385,0.013,161.454891,0,0,0.65,2,0,6
386,0.036,152.129987,0,0,1.8,2,0,5
387,0.006,163.489825,0,0,0.3,2,0,5
388,0.024,87.759858,0,0,1.2,1,0,4
389,0.006,196.635032,0,0,0.3,2,0,5
390,0.015,131.028408,0,0,0.75,2,0,4
391,4.056,163.559425,0,4,0.3,3,10,5
392,3.078,163.559425,0,3,0.9,2,0,4
393,0.017,131.028408,0,0,0.85,1,0,4
394,3.072,165.721384,0,3,0.6,3,0,4
395,0.004,163.559425,0,0,0.2,3,0,6
396,3.066,163.559425,0,3,0.3,2,0,5
397,0.017,24.554152,0,0,0.85,1,0,4
398,0.011,61.749447,0,0,0.55,1,0,4
399,3.042,100.8857,0,3,1.35,1,0,4
400,3.075,138.096175,0,3,0.75,1,0,4
401,0.012,94.504919,0,0,0.6,2,0,5
402,0.013,150.480984,0,0,0.65,2,0,4
403,0.02,198.796991,0,0,1,3,0,4
404,0.003,196.635032,0,0,0.15,3,0,6
405,0.017,166.335574,0,0,0.85,1,0,4
406,0.013,124.848852,0,0,0.65,2,0,5
407,0.011,158.723217,0,0,0.55,3,0,6
408,4.129,124.554797,0,4,0.95,4,10,3
409,3.067,163.559425,0,3,0.35,2,0,6
410,0.015,196.635032,0,0,0.75,2,0,4
411,3.077,196.635032,0,3,0.85,3,0,5
412,0.013,166.291099,0,0,0.65,2,0,4
413,3.071,163.559425,0,3,0.55,2,0,5
414,3.135,131.028408,0,3,0.75,1,0,4
415,3.073,166.291099,0,3,0.65,2,0,5
416,0.006,196.635032,0,0,0.3,2,0,5
417,0.004,163.559425,0,0,0.2,2,0,6
418,0.011,163.559425,0,0,0.55,2,0,5
419,4.079,132.166446,0,4,3.95,2,0,4
420,0.027,95.848267,0,0,1.35,1,0,4
421,0.004,166.291099,0,0,0.2,3,0,5
422,0.012,196.635032,0,0,0.6,2,0,5
423,0.166,98.977222,0,0,8.3,2,0,-1
424,0.009,166.291099,0,0,0.45,3,0,6
425,0.005,163.559425,0,0,0.25,2,0,6
426,0.026,159.267807,0,0,1.3,1,0,4
427,0.014,196.635032,0,0,0.7,2,0,4
428,4.069,163.489825,0,4,0.95,1,10,4
429,0.016,196.635032,0,0,0.8,2,0,3
430,0.013,196.635032,0,0,0.65,3,0,5
431,0.016,158.723217,0,0,0.8,3,0,6
432,3.125,187.465302,0,3,0.25,2,0,5
433,0.018,171.171782,0,0,0.9,1,0,4
434,0.017,126.1922,0,0,0.85,1,0,4
435,0.004,196.635032,0,0,0.2,2,0,5
436,3.066,163.559425,0,3,0.3,3,0,6
437,4.127,163.559425,0,4,0.85,3,10,3
438,0.017,158.653617,0,0,0.85,2,0,4
439,0.011,133.215492,0,0,0.55,2,0,5
440,0.017,163.559425,0,0,0.85,2,0,4
441,0.003,133.215492,0,0,0.15,1,0,6
442,0.009,163.559425,0,0,0.45,3,0,6
443,0.004,163.559425,0,0,0.2,3,0,6
444,0.008,166.291099,0,0,0.4,2,0,6
445,3.076,163.559425,0,3,0.8,2,0,6
446,0.02,161.454891,0,0,1,2,0,4
447,0.011,131.028408,0,0,0.55,1,0,4
448,0.004,166.291099,0,0,0.2,2,0,5
449,0.019,133.215492,0,0,0.95,2,0,4
450,0.018,133.215492,0,0,0.9,3,0,4
451,3.003,152.129987,0,3,0.15,2,0,5
452,0.031,182.47392,0,0,1.55,3,0,5
453,0.011,92.09338,0,0,0.55,1,0,4
454,0.017,124.554797,0,0,0.85,2,0,4
455,0.02,196.635032,0,0,1,2,0,4
456,0.009,124.554797,0,0,0.45,3,0,5
457,0.021,54.898085,0,0,1.05,1,0,4
458,0.049,163.559425,0,0,0.45,2,8,5
459,0.013,131.028408,0,0,0.65,1,0,4
460,0.031,128.379284,0,0,0.8,6,3,5
461,0.037,124.779252,0,0,1.85,2,0,4
462,0.053,152.129987,0,0,1.9,2,3,6
463,3.08,163.489825,0,3,0.25,1,3,6
464,3.131,165.721384,0,3,0.55,1,0,5
465,0.009,133.215492,0,0,0.45,3,0,6
466,3.069,196.635032,0,3,0.45,3,0,6
467,0.009,163.559425,0,0,0.45,2,0,5
468,0.039,182.47392,0,0,1.95,2,0,6
469,3.081,133.829682,0,3,1.05,2,0,4
470,0.01,196.635032,0,0,0.5,3,0,6
471,0.025,158.653617,0,0,1.25,2,0,4
472,0.013,157.630404,0,0,0.65,3,0,6
473,5.194,159.770493,0,5,3.45,1,10,4
474,0.019,131.028408,0,0,0.95,1,0,4
475,3.064,158.723217,0,3,0.95,1,0,5
476,0.012,61.749447,0,0,0.6,2,0,4
477,3.081,196.635032,0,3,1.05,2,0,4
478,0.018,124.848852,0,0,0.9,3,0,5
479,0.014,171.171782,0,0,0.7,1,0,4
480,3.073,166.291099,0,3,0.65,2,0,5
481,0.007,163.559425,0,0,0.35,2,0,5
482,0.019,95.848267,0,0,0.95,1,0,4
483,0.009,170.557592,0,0,0.45,3,0,4
484,0.01,163.489825,0,0,0.5,2,0,5
485,3.084,126.1922,0,3,1.2,1,0,4
486,0.031,106.168614,0,0,1.55,1,0,2
487,4.074,87.257172,0,4,1.2,1,10,4
488,0.025,92.09338,0,0,1.25,2,0,4
489,3.14,166.291099,0,3,0.25,2,0,5
490,0.006,163.559425,0,0,0.3,2,0,5
491,0.009,166.291099,0,0,0.45,3,0,5
492,0.006,203.633199,0,0,0.3,2,0,5
493,4.206,133.215492,0,4,0.55,3,0,5
494,0.005,196.635032,0,0,0.25,2,0,6
495,4.178,192.30151,0,4,0.4,3,10,5
496,3.076,163.559425,0,3,0.8,2,0,4
497,0.021,171.171782,0,0,1.05,3,0,4
498,4.074,158.723217,0,4,1.2,2,10,4
499,0.011,196.565432,0,0,0.55,2,0,5
500,3.066,203.633199,0,3,0.3,2,0,5
501,0.025,163.559425,0,0,0.5,2,3,6
502,0.025,100.684475,0,0,1.25,1,0,4
503,0.035,191.798824,0,0,1,3,3,4
504,3.064,133.215492,0,3,0.2,2,0,6
505,0.017,138.096175,0,0,0.85,2,0,4
506,0.007,196.635032,0,0,0.35,2,0,5
507,0.017,163.559425,0,0,0.85,2,0,4
508,0.008,163.559425,0,0,0.4,2,0,5
509,0.019,89.988846,0,0,0.95,1,0,3
510,0.007,128.379284,0,0,0.35,2,0,6
511,0.02,177.410204,0,0,1,3,0,2
512,3.065,166.221499,0,3,1,3,0,3
513,3.141,126.1922,0,3,1.05,1,0,4
514,3.153,153.088251,0,3,1.65,3,0,4
515,0.003,163.559425,0,0,0.15,3,0,6
516,0.013,163.559425,0,0,0.65,3,0,5
517,0.019,163.559425,0,0,0.95,2,0,4
518,0.014,131.028408,0,0,0.7,2,0,4
519,0.035,118.919831,0,0,1.75,2,0,5
520,0.015,158.723217,0,0,0.75,3,0,6
521,0.012,133.829682,0,0,0.6,3,0,4
522,0.024,119.05438,0,0,1.2,3,0,6
523,0.025,95.848267,0,0,1.25,1,0,3
524,0.013,191.798824,0,0,0.65,3,0,5
525,0.022,164.922626,0,0,1.1,1,0,4
526,0.021,100.684475,0,0,1.05,1,0,4
527,0.006,163.559425,0,0,0.3,5,0,6
528,0.012,163.559425,0,0,0.6,1,0,5
529,0.002,133.215492,0,0,0.1,3,0,6
530,0.005,163.559425,0,0,0.25,2,0,5
531,3.065,196.635032,0,3,0.25,2,0,5
532,0.012,135.377451,0,0,0.6,3,0,5
533,0.019,133.259967,0,0,0.95,1,0,4
534,0.006,166.221499,0,0,0.3,2,0,5
535,4.125,125.168987,0,4,0.75,1,10,4
536,0.018,128.309684,0,0,0.9,2,0,4
537,3.132,133.215492,0,3,0.6,2,0,4
538,0.026,91.942127,0,0,0.55,1,3,4
539,0.022,182.47392,0,0,1.1,2,0,6
540,0.012,166.291099,0,0,0.6,1,0,6
541,0.017,131.028408,0,0,0.85,1,0,3
542,0.033,148.2939,0,0,0.9,1,3,4
543,0.013,157.630404,0,0,0.65,2,0,5
544,0.002,196.635032,0,0,0.1,1,0,6
545,0.002,133.215492,0,0,0.1,3,0,6
546,0.008,196.635032,0,0,0.4,2,0,5
547,0.017,163.559425,0,0,0.85,3,0,4
548,0.017,196.635032,0,0,0.85,2,0,4
549,0.024,92.09338,0,0,1.2,1,0,3
550,0.017,163.559425,0,0,0.85,1,0,5
551,0.163,98.977222,0,0,8.15,2,0,-1
552,0.011,163.559425,0,0,0.55,2,0,5
553,0.019,133.215492,0,0,0.95,2,0,4
554,0.015,164.104015,0,0,0.75,1,0,4
555,3.068,92.317835,0,3,1.15,1,0,4
556,0.015,196.635032,0,0,0.75,1,0,4
557,0.012,196.565432,0,0,0.6,1,0,5
558,0.022,133.259967,0,0,1.1,1,0,3
559,0.006,196.635032,0,0,0.3,1,0,5
560,0.016,191.798824,0,0,0.8,2,0,5
561,4.102,119.59897,0,4,2.6,1,10,3
562,3.134,131.098008,0,3,0.7,2,0,4
563,3.137,196.635032,0,3,0.85,2,0,4
564,0.016,163.559425,0,0,0.8,2,0,3
565,0.017,164.173615,0,0,0.85,2,0,4
566,0.046,55.178358,0,0,2.3,1,0,1
567,3.072,128.379284,0,3,0.6,2,0,5
568,0.016,100.684475,0,0,0.8,1,0,4
569,3.063,196.635032,0,3,0.15,2,0,5
570,0.015,163.559425,0,0,0.75,2,0,4
571,0.015,133.215492,0,0,0.75,2,0,4
572,0.006,127.286471,0,0,0.3,1,0,5
573,0.011,163.559425,0,0,0.55,3,0,5
574,3.066,163.559425,0,3,0.3,2,0,5
575,4.059,196.635032,0,4,0.45,2,10,6
576,3.079,131.028408,0,3,0.95,1,0,4
577,3.189,95.917867,0,3,1.2,3,0,4
578,0.009,166.291099,0,0,0.45,2,0,5
579,3.072,196.635032,0,3,0.6,2,0,4
580,0.004,166.291099,0,0,0.2,2,0,5
581,3.073,166.291099,0,3,0.65,3,0,4
582,0.031,163.559425,0,0,0.8,2,3,4
583,0.006,196.635032,0,0,0.3,2,0,5
584,0.011,164.104015,0,0,0.55,2,0,4
585,0.016,196.635032,0,0,0.8,3,0,5
586,4.072,126.052547,0,4,3.6,1,0,5
587,0.003,163.559425,0,0,0.15,3,0,6
588,0.013,101.057181,0,0,0.65,1,0,4
589,0.006,161.957577,0,0,0.3,2,0,5
590,4.145,164.173615,0,4,1.75,2,10,3
591,0.009,196.635032,0,0,0.45,2,0,6
592,0.017,138.096175,0,0,0.85,1,0,4
593,0.016,163.559425,0,0,0.8,2,0,5
594,0.166,98.977222,0,0,8.3,2,0,-1
595,0.02,196.635032,0,0,1,3,0,4
596,0.031,163.559425,0,0,1.55,2,0,4
597,0.012,133.215492,0,0,0.6,3,0,6
598,0.022,196.635032,0,0,1.1,2,0,3
599,0.024,128.923874,0,0,1.2,2,0,3
600,3.136,196.635032,0,3,0.8,3,0,5
601,0.02,166.291099,0,0,1,3,0,4
602,0.024,127.580526,0,0,1.2,3,0,4
603,0.009,157.630404,0,0,0.45,2,0,5
604,3.073,196.635032,0,3,0.65,1,0,5
605,0.163,98.977222,0,0,8.15,2,0,-1
606,3.151,196.635032,0,3,0.8,2,3,4
607,0.019,150.480984,0,0,0.95,2,0,4
608,0.022,163.559425,0,0,0.35,3,3,5
609,0.005,196.635032,0,0,0.25,2,0,5
610,0.017,131.028408,0,0,0.85,2,0,4
611,4.074,124.848852,0,4,1.2,2,10,4
612,0.016,191.798824,0,0,0.8,2,0,5
613,3.154,140.042979,0,3,1.7,2,0,2
614,3.054,196.635032,0,3,0.45,3,0,6
615,0.017,87.359502,0,0,0.85,2,0,4
616,0.005,163.559425,0,0,0.25,2,0,6
617,0.027,120.557234,0,0,1.35,1,0,3
618,0.025,72.868552,0,0,1.25,1,0,1
619,0.028,157.924459,0,0,1.4,2,0,6
620,0.039,119.718589,0,0,1.2,2,3,4
621,0.013,166.291099,0,0,0.65,3,0,5
622,0.016,196.635032,0,0,0.8,3,0,6
623,0.024,87.257172,0,0,1.2,2,0,4
624,0.012,171.171782,0,0,0.6,3,0,4
625,0.006,196.635032,0,0,0.3,2,0,5
626,0.006,166.291099,0,0,0.3,2,0,5
627,4.161,107.752242,0,4,0.55,1,0,5
628,0.009,196.635032,0,0,0.45,3,0,6
629,3.071,164.173615,0,3,0.55,1,0,4
630,0.007,196.635032,0,0,0.35,3,0,5
631,5.173,182.40432,0,5,3.4,2,0,6
632,0.021,163.489825,0,0,1.05,2,0,3
633,3.162,126.1922,0,3,1.35,1,0,4
634,0.025,133.259967,0,0,1.25,1,0,4
635,0.021,196.635032,0,0,1.05,3,0,3
636,0.011,196.635032,0,0,0.55,3,0,6
637,0.016,161.454891,0,0,0.8,2,0,5
638,0.006,117.405377,0,0,0.3,2,0,5
639,4.067,158.653617,0,4,0.85,2,10,5
640,0.024,196.635032,0,0,0.45,3,3,5
641,0.008,196.635032,0,0,0.4,3,0,5
642,0.006,163.559425,0,0,0.3,3,0,5
643,3.123,196.635032,0,3,0.15,3,3,6
644,4.103,143.693747,0,4,2.65,1,10,6
645,0.021,147.74931,0,0,1.05,2,0,4
646,0.006,163.559425,0,0,0.3,2,0,5
647,4.079,182.47392,0,4,1.45,2,10,5
648,0.009,163.489825,0,0,0.45,2,0,5
649,0.012,148.2939,0,0,0.6,1,0,4
650,0.019,131.028408,0,0,0.95,1,0,4
651,0.012,192.30151,0,0,0.6,2,0,6
652,0.019,158.653617,0,0,0.95,2,0,3
653,0.006,196.635032,0,0,0.3,2,0,5
654,0.015,166.291099,0,0,0.75,2,0,4
655,0.015,163.559425,0,0,0.75,2,0,3
656,0.012,100.684475,0,0,0.6,2,0,5
657,0.024,196.635032,0,0,1.2,3,0,5
658,0.007,171.171782,0,0,0.35,1,0,5
659,3.075,164.104015,0,3,0.75,2,0,4
660,0.037,101.277923,0,0,1.85,2,0,5
661,0.006,166.291099,0,0,0.3,2,0,5
662,0.006,196.635032,0,0,0.3,5,0,6
663,0.028,203.633199,0,0,0.65,2,3,4
664,4.055,166.291099,0,4,0.25,2,10,5
665,3.131,166.291099,0,3,0.55,2,0,5
666,4.058,196.635032,0,4,0.4,3,10,5
667,0.006,196.635032,0,0,0.3,3,0,6
668,3.142,196.635032,0,3,0.35,3,0,6
669,3.078,163.559425,0,3,0.9,2,0,4
670,0.019,165.721384,0,0,0.2,5,3,5
671,0.036,152.129987,0,0,1.8,3,0,5
672,0.012,166.291099,0,0,0.6,2,0,4
673,0.028,132.461209,0,0,1.4,1,0,5
674,3.142,196.635032,0,3,0.35,2,0,5
675,0.009,133.215492,0,0,0.45,3,0,5
676,0.007,115.390223,0,0,0.35,2,0,5
677,3.066,196.635032,0,3,0.3,3,0,5
678,0.025,61.749447,0,0,1.25,1,0,4
679,4.061,203.633199,0,4,0.55,3,10,6
680,0.019,164.104015,0,0,0.95,2,0,3
681,0.034,126.1922,0,0,0.95,1,3,3
682,0.014,166.291099,0,0,0.7,3,0,4
683,0.02,163.489825,0,0,1,3,0,4
684,0.017,129.49616,0,0,0.85,1,0,4
685,0.017,159.267807,0,0,0.85,1,0,4
686,0.017,148.2939,0,0,0.85,1,0,3
687,0.02,164.104015,0,0,1,1,0,4
688,0.019,126.1922,0,0,0.95,1,0,4
689,0.044,196.635032,0,0,1.45,2,3,5
690,0.065,83.997244,0,0,3.25,1,0,3
691,0.013,163.559425,0,0,0.65,3,0,5
692,3.051,166.291099,0,3,0.3,2,0,5
693,0.024,92.09338,0,0,1.2,1,0,4
694,0.024,152.129987,0,0,1.2,3,0,5
695,3.056,191.729224,0,3,0.55,3,0,5
696,0.024,166.291099,0,0,0.45,3,3,5
697,0.025,196.635032,0,0,1.25,2,0,4
698,0.03,122.744318,0,0,1.5,1,0,4
699,3.138,133.215492,0,3,0.15,2,0,6
700,0.021,196.635032,0,0,0.3,2,3,5
701,0.023,163.559425,0,0,0.4,2,3,5
702,0.007,166.291099,0,0,0.35,2,0,6
703,0.003,163.559425,0,0,0.15,2,0,6
704,4.129,131.028408,0,4,0.95,2,10,4
705,0.014,158.723217,0,0,0.7,2,0,6
706,0.028,94.504919,0,0,0.65,2,3,6
707,0.017,196.635032,0,0,0.85,2,0,4
708,0.017,163.559425,0,0,0.85,2,0,4
709,0.002,133.215492,0,0,0.1,2,0,6
710,0.034,182.47392,0,0,1.7,2,0,5
711,0.003,158.653617,0,0,0.15,2,0,6
712,0.011,196.635032,0,0,0.55,2,0,4
713,3.08,171.171782,0,3,1,1,0,3
714,0.029,163.489825,0,0,1.45,2,0,5
715,0.019,148.2939,0,0,0.95,1,0,4
716,0.019,131.028408,0,0,0.95,1,0,4
717,3.081,163.559425,0,3,1.05,2,0,4
718,4.056,196.635032,0,4,0.3,2,10,5
719,0.021,196.635032,0,0,1.05,2,0,3
720,0.003,163.559425,0,0,0.15,2,0,5
721,0.017,163.559425,0,0,0.85,2,0,5
722,0.006,191.798824,0,0,0.3,1,0,5
723,0.022,152.794196,0,0,1.1,2,0,6
724,0.013,171.171782,0,0,0.65,2,0,4
725,0.019,163.559425,0,0,0.95,2,0,4
726,0.019,196.635032,0,0,0.95,2,0,4
727,3.066,196.635032,0,3,0.3,3,0,5
728,0.059,39.221695,0,0,2.95,1,0,4
729,4.128,83.280724,0,4,3.4,1,0,4
730,3.064,163.559425,0,3,0.2,2,3,6
731,0.021,196.635032,0,0,1.05,3,0,3
732,4.013,157.121369,0,4,0.65,3,0,5
733,0.009,196.635032,0,0,0.45,1,0,5
734,0.019,164.104015,0,0,0.95,1,0,3
735,0.006,166.291099,0,0,0.3,2,0,5
736,0.004,196.635032,0,0,0.2,3,0,5
737,0.009,196.635032,0,0,0.45,2,0,5
738,0.016,198.796991,0,0,0.8,3,0,5
739,0.01,196.635032,0,0,0.5,2,0,6
740,0.014,164.173615,0,0,0.7,2,0,4
741,0.019,115.218293,0,0,0.95,1,0,4
742,4.081,196.635032,0,4,0.8,2,10,5
743,3.097,196.635032,0,3,1.1,2,0,3
744,0.004,196.635032,0,0,0.2,2,0,5
745,0.027,191.798824,0,0,1.35,2,0,4
746,0.014,133.215492,0,0,0.7,2,0,4
747,0.014,166.291099,0,0,0.7,2,0,4
748,0.012,196.635032,0,0,0.6,2,0,4
749,0.017,100.684475,0,0,0.85,1,0,4
750,3.065,163.559425,0,3,0.25,2,0,6
751,0.007,163.559425,0,0,0.35,2,0,5
752,3.073,161.454891,0,3,0.65,3,0,6
753,0.019,133.145892,0,0,0.95,2,0,3
754,3.077,163.559425,0,3,0.85,2,0,4
755,0.003,196.635032,0,0,0.15,2,0,5
756,0.005,166.291099,0,0,0.25,3,0,6
757,4.093,29.321771,0,4,2.15,1,10,2
758,0.016,164.119536,0,0,0.8,1,0,5
759,0.006,196.635032,0,0,0.3,3,0,5
760,0.03,157.630404,0,0,1.5,2,0,4
761,0.024,126.1922,0,0,1.2,1,0,4
762,0.005,166.291099,0,0,0.25,3,0,5
763,0.017,159.267807,0,0,0.85,1,0,4
764,0.01,196.635032,0,0,0.5,2,0,4
765,0.012,196.635032,0,0,0.6,2,0,5
766,0.038,128.379284,0,0,1.15,2,3,5
767,3.073,161.454891,0,3,0.65,2,0,5
768,5.094,154.389695,0,5,2.2,2,10,5
769,4.111,159.791655,0,4,3.05,3,10,5
770,3.076,196.635032,0,3,0.8,3,0,5
771,0.013,158.723217,0,0,0.65,2,0,6
772,0.026,95.848267,0,0,1.3,1,0,4
773,0.014,125.168987,0,0,0.7,1,0,4
774,0.009,171.171782,0,0,0.45,2,0,5
775,0.023,133.145892,0,0,0.4,3,3,5
776,0.021,196.635032,0,0,1.05,3,0,4
777,3.139,131.028408,0,3,0.95,1,0,4
778,0.012,100.754075,0,0,0.6,1,0,4
779,0.007,166.291099,0,0,0.35,3,0,6
780,0.011,166.291099,0,0,0.55,3,0,4
781,4.124,196.565432,0,4,0.7,2,10,4
782,0.014,196.635032,0,0,0.7,1,0,4
783,0.024,159.267807,0,0,1.2,1,0,4
784,0.005,196.635032,0,0,0.25,2,0,5
785,0.011,198.796991,0,0,0.55,1,0,4
786,3.062,119.943044,0,3,0.85,2,0,6
787,3.066,196.635032,0,3,0.3,2,0,6
788,0.011,131.028408,0,0,0.55,1,0,4
789,0.015,150.480984,0,0,0.75,2,0,4
790,3.081,196.635032,0,3,0.3,2,3,5
791,0.024,126.1922,0,0,1.2,1,0,4
792,0.03,196.635032,0,0,0.75,2,3,4
793,4.167,131.028408,0,4,0.85,1,0,4
794,3.137,166.335574,0,3,0.85,1,0,4
795,3.068,120.332779,0,3,0.4,2,0,5
796,0.013,157.630404,0,0,0.65,3,0,5
797,0.023,157.854859,0,0,1.15,3,0,5
798,4.067,87.481627,0,4,0.85,1,10,4
799,0.014,166.335574,0,0,0.7,1,0,4
800,0.017,131.028408,0,0,0.85,1,0,5
801,0.021,166.291099,0,0,0.3,3,3,6
802,4.231,61.577736,0,4,2.55,1,3,4
803,0.019,131.028408,0,0,0.95,2,0,3
804,0.003,163.559425,0,0,0.15,2,0,6
805,0.004,196.635032,0,0,0.2,2,0,5
806,0.013,196.635032,0,0,0.65,2,0,6
807,3.073,158.723217,0,3,0.65,3,0,6
808,0.018,166.291099,0,0,0.9,2,0,5
809,3.081,92.09338,0,3,1.05,1,0,3
810,4.074,163.559425,0,4,1.2,2,10,4
811,0.024,191.798824,0,0,1.2,2,0,4
812,0.014,164.104015,0,0,0.7,2,0,4
813,0.011,100.684475,0,0,0.55,1,0,4
814,0.006,163.559425,0,0,0.3,2,0,5
815,0.018,191.798824,0,0,0.9,1,0,5
816,0.028,140.042979,0,0,1.4,1,0,2
817,0.011,163.559425,0,0,0.55,2,0,5
818,0.024,128.379284,0,0,1.2,2,0,3
819,0.024,166.335574,0,0,1.2,1,0,3
820,0.009,133.215492,0,0,0.45,2,0,5
821,0.017,166.291099,0,0,0.85,3,0,4
822,4.173,86.823735,0,4,1.15,1,0,2
823,0.034,133.259967,0,0,1.7,1,0,4
824,4.059,132.835559,0,4,2.95,2,0,2
825,0.166,98.977222,0,0,8.3,3,0,-1
826,3.066,196.635032,0,3,0.3,2,0,6
827,0.021,133.215492,0,0,0.3,3,3,6
828,0.004,133.932012,0,0,0.2,3,0,6
829,0.024,61.749447,0,0,1.2,1,0,4
830,4.055,128.81237,0,4,0.25,2,10,5
831,0.019,131.028408,0,0,0.95,1,0,4
832,0.023,139.931475,0,0,1.15,3,0,2
833,3.069,196.635032,0,3,0.45,3,0,6
834,3.081,163.559425,0,3,1.05,2,0,4
835,0.025,125.168987,0,0,1.25,2,0,4
836,0.163,98.977222,0,0,8.15,2,0,-1
837,0.05,119.05438,0,0,2.5,1,0,4
838,0.009,196.635032,0,0,0.45,2,0,6
839,0.019,192.30151,0,0,0.95,2,0,3
840,0.026,163.559425,0,0,0.55,2,3,5
841,0.004,196.635032,0,0,0.2,3,0,5
842,0.021,196.635032,0,0,1.05,2,0,3
843,0.015,102.916034,0,0,0.75,1,0,4
844,3.297,98.977222,0,3,8.1,2,0,-1
845,4.159,166.221499,0,4,0.2,3,10,5
846,0.005,196.565432,0,0,0.25,3,0,6
847,3.071,196.635032,0,3,0.55,3,0,5
848,0.016,191.798824,0,0,0.8,1,0,3
849,3.126,196.635032,0,3,0.3,2,0,5
850,3.129,158.723217,0,3,0.45,3,0,6
851,0.012,163.559425,0,0,0.6,3,0,5
852,0.004,163.559425,0,0,0.2,2,0,6
853,4.064,133.215492,0,4,0.7,2,10,4
854,3.081,157.630404,0,3,0.3,2,3,5
855,0.032,203.633199,0,0,0.85,3,3,3
856,0.02,163.559425,0,0,1,2,0,4
857,4.169,163.559425,0,4,0.95,2,0,3
858,0.024,166.221499,0,0,1.2,2,0,3
859,0.006,163.559425,0,0,0.3,3,0,6
860,0.021,163.559425,0,0,1.05,2,0,4
861,0.012,159.225903,0,0,0.6,1,0,5
862,4.109,182.47392,0,4,1.7,2,3,6
863,0.003,163.559425,0,0,0.15,2,0,5
864,3.077,158.653617,0,3,0.85,3,0,5
865,3.124,110.393685,0,3,2.45,3,3,4
866,0.048,139.428789,0,0,1.65,2,3,2
867,4.221,159.156303,0,4,1.05,2,10,4
868,0.018,126.1922,0,0,0.9,1,0,4
869,0.006,131.098008,0,0,0.3,2,0,5
870,4.069,163.559425,0,4,0.95,2,10,4
871,4.182,86.523363,0,4,2.85,1,10,3
872,3.073,168.453058,0,3,0.65,1,0,4
873,0.011,173.289266,0,0,0.55,2,0,4
874,0.009,131.098008,0,0,0.45,1,0,5
875,0.014,196.635032,0,0,0.7,2,0,4
876,0.021,119.718589,0,0,1.05,1,0,3
877,4.071,166.291099,0,4,1.05,2,10,4
878,0.021,49.809271,0,0,1.05,1,0,4
879,0.019,100.684475,0,0,0.95,1,0,4
880,0.023,166.291099,0,0,0.4,3,3,5
881,5.035,182.47392,0,5,1.75,3,0,6
882,0.025,92.317835,0,0,1.25,1,0,4
883,0.021,127.580526,0,0,1.05,3,0,5
884,3.069,196.635032,0,3,0.45,3,0,5
885,0.024,161.454891,0,0,1.2,2,0,4
886,0.014,164.104015,0,0,0.7,1,0,4
887,3.134,196.635032,0,3,0.7,1,0,5
888,0.006,196.635032,0,0,0.3,3,0,5
889,0.011,196.635032,0,0,0.55,2,0,4
890,0.006,163.559425,0,0,0.3,3,0,6
891,0.02,161.385291,0,0,1,2,0,4
892,0.009,163.489825,0,0,0.45,2,0,5
893,3.131,196.635032,0,3,0.55,3,0,6
894,0.022,191.798824,0,0,0.35,3,3,5
895,3.133,196.635032,0,3,0.65,2,0,5
896,3.068,196.635032,0,3,0.4,2,0,5
897,0.019,163.559425,0,0,0.95,3,0,3
898,0.021,56.913239,0,0,1.05,1,0,4
899,3.101,80.049752,0,3,2.05,3,0,5
900,3.066,133.215492,0,3,0.3,2,0,5
901,0.024,56.913239,0,0,1.2,1,0,4
902,0.035,177.410204,0,0,1,2,3,2
903,3.143,140.042979,0,3,1.15,1,0,2
904,0.009,196.635032,0,0,0.45,3,0,5
905,3.131,163.559425,0,3,0.55,3,0,5
906,5.043,119.66857,0,5,2.15,1,0,5
907,0.014,128.309684,0,0,0.7,2,0,3
908,0.02,158.653617,0,0,1,1,0,4
909,0.005,196.635032,0,0,0.25,4,0,5
910,0.009,163.559425,0,0,0.45,2,0,6
911,0.009,191.729224,0,0,0.45,2,0,5
912,0.03,143.457692,0,0,1.5,2,0,3
913,4.054,157.630404,0,4,0.2,1,10,5
914,0.026,124.848852,0,0,1.3,2,0,4
915,0.011,163.559425,0,0,0.55,2,0,4
916,3.081,196.635032,0,3,1.05,2,0,4
917,0.024,164.236014,0,0,1.2,2,0,3
918,0.009,163.559425,0,0,0.45,1,0,5
919,0.013,133.215492,0,0,0.65,3,0,6
920,3.07,133.760082,0,3,0.5,3,0,4
921,3.066,196.635032,0,3,0.3,2,0,5
922,4.143,182.47392,0,4,1.65,2,10,5
923,3.066,154.06304,0,3,1.05,3,0,5
924,0.006,196.635032,0,0,0.3,2,0,5
925,0.017,166.291099,0,0,0.1,3,3,5
926,0.036,187.138647,0,0,1.05,2,3,5
927,0.007,133.215492,0,0,0.35,2,0,5
928,3.077,164.104015,0,3,0.85,1,0,4
929,3.133,161.454891,0,3,0.65,2,0,5
930,3.126,196.635032,0,3,0.3,2,0,5
931,0.022,163.559425,0,0,1.1,1,0,4
932,3.13,68.816506,0,3,3.5,2,0,4
933,0.011,196.635032,0,0,0.55,3,0,4
934,3.096,182.47392,0,3,1.8,2,0,5
935,0.022,180.824917,0,0,1.1,2,0,3
936,0.023,113.990664,0,0,1.15,3,0,2
937,0.023,161.957577,0,0,0.4,3,3,5
938,0.011,131.028408,0,0,0.55,1,0,5
939,3.066,163.559425,0,3,0.3,2,0,5
940,0.007,133.215492,0,0,0.35,2,0,5
941,0.016,196.635032,0,0,0.8,3,0,5
942,3.156,131.028408,0,3,1.05,2,0,4
943,3.079,91.584345,0,3,1.7,2,0,4
944,0.01,192.30151,0,0,0.5,3,0,5
945,0.178,98.977222,0,0,8.15,2,3,-1
946,0.015,164.173615,0,0,0.75,3,0,4
947,0.006,196.635032,0,0,0.3,3,0,6
948,0.015,170.557592,0,0,0.75,2,0,4
949,4.086,157.854859,0,4,1.8,2,10,3
950,0.008,163.559425,0,0,0.4,2,0,5
951,3.069,163.559425,0,3,0.45,3,0,5
952,3.076,196.565432,0,3,0.8,3,0,6
953,4.069,133.215492,0,4,0.95,2,10,4
954,0.009,152.794196,0,0,0.45,2,0,5
955,5.357,84.829244,0,5,7.1,1,10,2
956,0.011,173.289266,0,0,0.55,2,0,5
957,0.02,124.779252,0,0,1,3,0,5
958,0.009,196.635032,0,0,0.45,2,0,5
959,0.009,163.559425,0,0,0.45,2,0,5
960,0.013,196.635032,0,0,0.65,2,0,4
961,0.016,124.045762,0,0,0.8,2,0,5
962,0.017,100.754075,0,0,0.85,2,0,4
963,0.003,196.635032,0,0,0.15,2,0,6
964,3.072,203.633199,0,3,0.6,2,0,4
965,0.012,191.798824,0,0,0.6,3,0,5
966,0.021,166.335574,0,0,1.05,1,0,4
967,0.027,166.291099,0,0,0.6,2,3,4
968,0.01,127.580526,0,0,0.5,2,0,5
969,4.057,124.554797,0,4,0.35,2,10,5
970,0.006,163.559425,0,0,0.3,2,0,5
971,0.011,138.096175,0,0,0.55,1,0,4
972,0.009,166.291099,0,0,0.45,2,0,5
973,0.006,166.291099,0,0,0.3,2,0,5
974,0.01,166.291099,0,0,0.5,3,0,5
975,3.134,163.559425,0,3,0.7,2,0,4
976,0.007,166.291099,0,0,0.35,3,0,6
977,3.073,157.924459,0,3,0.65,2,0,5
978,0.017,133.829682,0,0,0.85,2,0,4
979,4.063,192.30151,0,4,0.65,2,10,5
980,0.006,196.635032,0,0,0.3,2,0,5
981,0.059,140.446518,0,0,2.95,2,0,4
982,0.009,196.635032,0,0,0.45,2,0,5
983,0.006,196.635032,0,0,0.3,2,0,5
984,0.017,196.635032,0,0,0.85,3,0,4
985,0.015,84.94396,0,0,0.75,2,0,4
986,0.005,196.635032,0,0,0.25,2,0,5
987,0.013,194.649547,0,0,0.65,2,0,5
988,0.011,196.635032,0,0,0.55,3,0,5
989,0.017,133.215492,0,0,0.85,2,0,3
990,4.151,101.51149,0,4,2.8,1,10,4
991,0.009,157.630404,0,0,0.45,2,0,6
992,0.019,196.635032,0,0,0.95,2,0,3
993,0.011,92.09338,0,0,0.55,1,0,4
994,0.003,196.635032,0,0,0.15,3,0,6
995,3.068,163.559425,0,3,0.4,1,0,5
996,0.007,196.635032,0,0,0.35,3,0,6
997,0.009,196.635032,0,0,0.45,3,0,6
998,4.024,196.635032,0,4,0.45,2,3,6
999,0.005,196.635032,0,0,0.25,2,0,5
1000,0.009,163.559425,0,0,0.45,2,0,5
1001,3.03,157.924459,0,3,0.75,2,0,6
1002,3.078,157.924459,0,3,0.9,3,0,6
1003,0.017,163.559425,0,0,0.85,2,0,4
1004,4.061,163.559425,0,4,0.55,2,10,5
1005,3.179,163.559425,0,3,0.7,2,0,6
1006,0.001,196.635032,0,0,0.05,2,0,6
1007,4.054,127.286471,0,4,0.2,2,10,5
1008,0.014,126.1922,0,0,0.7,1,0,4
1009,0.029,166.291099,0,0,0.7,2,3,4
1010,3.067,166.291099,0,3,0.35,2,0,5
1011,4.061,159.267807,0,4,0.55,1,10,4
1012,0.032,86.592963,0,0,0.85,3,3,4
1013,0.007,166.291099,0,0,0.35,2,0,6
1014,0.009,163.559425,0,0,0.45,2,0,5
1015,0.02,131.028408,0,0,1,3,0,4
1016,3.069,196.635032,0,3,0.45,3,0,5
1017,0.006,163.559425,0,0,0.3,2,0,5
1018,0.006,196.635032,0,0,0.3,2,0,5
1019,0.008,163.489825,0,0,0.4,2,0,5
1020,0.009,125.168987,0,0,0.45,1,0,5
1021,3.071,171.171782,0,3,0.55,1,0,4
1022,3.101,149.398313,0,3,2.05,3,0,5
1023,0.019,100.684475,0,0,0.95,1,0,4
1024,0.017,138.096175,0,0,0.85,1,0,4
1025,4.132,59.320121,0,4,3.35,1,10,5
1026,0.003,168.453058,0,0,0.15,2,0,5
1027,0.019,92.09338,0,0,0.95,1,0,4
1028,0.007,196.635032,0,0,0.35,1,0,5
1029,0.025,144.334597,0,0,1.25,2,0,2
1030,0.004,196.635032,0,0,0.2,2,0,5
1031,0.025,191.729224,0,0,1.25,3,0,5
1032,0.026,164.104015,0,0,1.3,1,0,4
1033,0.166,98.977222,0,0,8.3,2,0,-1
1034,4.352,91.80262,0,4,1.85,1,3,3
1035,0.011,196.635032,0,0,0.55,2,0,6
1036,0.006,163.559425,0,0,0.3,2,0,5
1037,0.012,171.171782,0,0,0.6,1,0,4
1038,0.037,196.635032,0,0,1.1,2,3,4
1039,0.025,163.559425,0,0,0.5,3,3,5
1040,3.049,149.398313,0,3,2.45,2,0,4
1041,0.009,196.635032,0,0,0.45,2,0,6
1042,0.016,131.160407,0,0,0.8,2,0,5
1043,0.009,163.559425,0,0,0.45,2,0,5
1044,3.069,196.635032,0,3,0.45,2,0,5
1045,4.124,196.565432,0,4,1.45,2,10,4
1046,0.025,114.535254,0,0,1.25,2,0,2
1047,4.091,119.05438,0,4,2.05,3,10,5
1048,3.075,166.291099,0,3,0.75,3,0,6
1049,0.005,166.291099,0,0,0.25,2,0,5
1050,0.01,133.215492,0,0,0.5,1,0,4
1051,0.019,163.559425,0,0,0.95,2,0,4
1052,0.029,118.341196,0,0,1.45,2,0,4
1053,0.016,182.47392,0,0,0.8,2,0,5
1054,0.012,128.309684,0,0,0.6,2,0,4
1055,0.013,163.559425,0,0,0.65,2,0,5
1056,4.064,196.635032,0,4,0.7,2,10,4
1057,0.009,163.559425,0,0,0.45,2,0,5
1058,0.021,128.993474,0,0,1.05,2,0,4
1059,0.009,163.559425,0,0,0.45,2,0,5
1060,0.011,133.215492,0,0,0.55,3,0,5
1061,0.004,133.215492,0,0,0.2,2,0,6
1062,0.046,74.414786,0,0,2.3,3,0,5
1063,0.016,158.723217,0,0,0.8,2,0,5
1064,4.057,133.215492,0,4,0.35,2,10,5
1065,4.055,196.635032,0,4,0.25,2,10,5
1066,3.051,128.309684,0,3,0.3,3,0,5
1067,0.029,166.291099,0,0,0.7,3,3,4
1068,0.008,163.489825,0,0,0.4,3,0,6
1069,0.012,196.635032,0,0,0.6,3,0,4
1070,0.024,196.635032,0,0,1.2,2,0,4
1071,3.077,138.096175,0,3,0.85,1,0,4
1072,0.006,117.405377,0,0,0.3,2,0,5
1073,0.024,158.723217,0,0,1.2,2,0,4
1074,4.074,128.88197,0,4,3.7,1,0,4
1075,0.019,131.028408,0,0,0.95,1,0,4
1076,0.009,196.635032,0,0,0.45,3,0,6
1077,3.12,88.754922,0,3,3.75,1,0,4
1078,0.017,163.559425,0,0,0.85,2,0,4
1079,0.029,157.924459,0,0,1.45,2,0,4
1080,0.015,164.104015,0,0,0.75,2,0,4
1081,0.021,196.635032,0,0,0.3,2,3,5
1082,4.056,166.221499,0,4,0.3,3,10,6
1083,0.026,196.635032,0,0,0.55,2,3,4
1084,0.019,159.337407,0,0,0.95,2,0,5
1085,0.035,196.635032,0,0,1.75,2,0,4
1086,3.075,128.923874,0,3,0.75,1,0,4
1087,0.017,133.215492,0,0,0.85,1,0,4
1088,0.019,173.289266,0,0,0.2,2,3,5
1089,0.019,163.559425,0,0,0.2,1,3,5
1090,3.141,196.635032,0,3,0.3,2,3,5
1091,0.021,158.723217,0,0,1.05,2,0,4
1092,0.017,163.559425,0,0,0.85,2,0,3
1093,3.076,163.559425,0,3,0.8,2,0,5
1094,0.009,196.635032,0,0,0.45,3,0,5
1095,0.013,163.559425,0,0,0.65,2,0,6
1096,3.064,163.559425,0,3,0.2,3,0,6
1097,0.013,196.635032,0,0,0.65,3,0,4
1098,3.072,166.291099,0,3,0.6,3,0,4
1099,0.003,163.559425,0,0,0.15,2,0,5
1100,0.009,196.565432,0,0,0.45,2,0,5
1101,3.073,203.633199,0,3,0.65,2,0,5
1102,0.011,100.754075,0,0,0.55,2,0,4
1103,0.016,95.848267,0,0,0.8,1,0,4
1104,0.008,196.635032,0,0,0.4,2,0,6
1105,0.019,122.28606,0,0,0.95,2,0,4
1106,3.081,159.267807,0,3,1.05,1,0,4
1107,3.125,196.635032,0,3,0.25,3,0,5
1108,0.007,196.635032,0,0,0.35,1,0,5
1109,0.005,133.215492,0,0,0.25,2,0,6
1110,3.066,196.635032,0,3,0.3,2,0,6
1111,0.009,196.635032,0,0,0.45,2,0,6
1112,0.002,163.559425,0,0,0.1,2,0,6
1113,3.068,196.635032,0,3,0.4,2,0,5
1114,0.041,182.47392,0,0,2.05,2,0,5
1115,3.063,166.291099,0,3,0.15,2,0,5
1116,0.022,165.721384,0,0,1.1,3,0,5
1117,0.013,196.635032,0,0,0.65,2,0,3
1118,0.007,196.635032,0,0,0.35,2,0,6
1119,0.01,164.104015,0,0,0.5,3,0,4
1120,3.082,163.559425,0,3,1.1,2,0,4
1121,0.019,61.749447,0,0,0.95,1,0,4
1122,4.011,133.145892,0,4,0.55,3,0,5
1123,0.003,133.215492,0,0,0.15,3,0,5
1124,0.004,124.554797,0,0,0.2,5,0,6
1125,0.008,164.104015,0,0,0.4,1,0,5
1126,4.061,196.635032,0,4,0.55,4,10,5
1127,0.058,121.830529,0,0,2.9,1,0,3
1128,3.132,101.822513,0,3,2.85,1,3,4
1129,0.019,131.028408,0,0,0.95,1,0,3
1130,0.017,163.559425,0,0,0.85,2,0,4
1131,0.006,196.635032,0,0,0.3,3,0,6
1132,4.072,163.559425,0,4,1.1,2,10,4
1133,0.013,196.635032,0,0,0.65,2,0,4
1134,0.017,133.215492,0,0,0.85,2,0,5
1135,0.009,196.635032,0,0,0.45,2,0,6
1136,0.017,54.645479,0,0,0.85,1,0,4
1137,0.013,133.829682,0,0,0.65,1,0,5
1138,0.014,125.168987,0,0,0.7,1,0,4
1139,0.011,158.723217,0,0,0.55,3,0,6
1140,0.012,196.635032,0,0,0.6,3,0,5
1141,0.037,182.47392,0,0,1.85,2,0,6
1142,0.016,127.286471,0,0,0.8,2,0,5
1143,4.145,118.98478,0,4,4,3,10,4
1144,3.177,166.291099,2.5,3,0.85,2,0,4
1145,0.028,196.565432,0,0,0.65,3,3,6
1146,0.047,149.398313,0,0,2.35,2,0,4
1147,0.013,166.291099,0,0,0.65,2,0,5
1148,0.04,95.848267,0,0,1.25,1,3,3
1149,0.013,166.335574,0,0,0.65,1,0,4
1150,0.019,122.450263,0,0,0.95,3,0,6
1151,0.007,196.635032,0,0,0.35,3,0,5
1152,0.011,166.221499,0,0,0.55,2,0,6
1153,0.034,163.559425,0,0,0.95,2,3,4
1154,3.126,161.454891,0,3,1.05,1,0,4
1155,0.009,163.559425,0,0,0.45,2,0,5
1156,0.163,98.977222,0,0,8.15,3,0,-1
1157,0.005,191.729224,0,0,0.25,2,0,6
1158,0.026,163.559425,0,0,0.55,2,3,5
1159,0.009,196.635032,0,0,0.45,2,0,5
1160,0.011,163.559425,0,0,0.55,2,0,5
1161,0.066,115.811741,0,0,3.3,2,0,5
1162,0.015,133.215492,0,0,0.75,2,0,4
1163,0.009,196.635032,0,0,0.45,3,0,6
1164,0.024,196.635032,0,0,0.45,2,3,5
1165,0.031,163.559425,0,0,0.8,3,3,4
1166,0.003,170.557592,0,0,0.15,2,0,6
1167,0.004,164.173615,0,0,0.2,1,0,5
1168,0.006,166.291099,0,0,0.3,2,0,5
1169,3.226,98.977222,0,3,8.3,2,0,-1
1170,0.012,163.559425,0,0,0.6,3,0,6
1171,0.009,157.630404,0,0,0.45,1,0,5
1172,3.074,198.796991,0,3,0.7,2,0,4
1173,0.011,163.559425,0,0,0.55,2,0,5
1174,3.123,196.635032,0,3,0.15,2,0,6
1175,0.009,196.635032,0,0,0.45,2,0,6
1176,4.073,149.398313,0,4,1.15,3,10,6
1177,0.011,131.098008,0,0,0.55,2,0,4
1178,0.013,196.635032,0,0,0.65,3,0,6
1179,0.002,196.635032,0,0,0.1,2,0,5
1180,0.012,166.291099,0,0,0.6,2,0,4
1181,0.01,163.559425,0,0,0.5,3,0,4
1182,0.02,163.559425,0,0,0.25,2,3,5
1183,0.019,163.559425,0,0,0.95,2,0,4
1184,3.067,192.30151,0,3,0.35,3,0,6
1185,0.039,157.924459,0,0,1.2,2,3,4
1186,0.007,196.635032,0,0,0.35,3,0,5
1187,0.006,133.215492,0,0,0.3,5,0,6
1188,0.004,163.559425,0,0,0.2,2,0,5
1189,0.021,131.028408,0,0,1.05,1,0,4
1190,0.005,196.635032,0,0,0.25,2,0,5
1191,0.028,117.405377,0,0,0.65,3,3,5
1192,3.124,196.635032,0,3,0.2,2,0,5
1193,3.076,164.173615,0,3,0.8,2,0,4
1194,4.052,187.465302,0,4,2.6,2,0,3
1195,0.013,163.559425,0,0,0.65,3,0,5
1196,4.212,198.796991,0,4,0.1,2,3,5
1197,4.063,133.215492,0,4,0.65,3,10,5
1198,0.009,196.565432,0,0,0.45,2,0,6
1199,0.019,163.559425,0,0,0.95,2,0,4
1200,0.018,157.854859,0,0,0.9,3,0,5
1201,0.024,196.635032,0,0,0.45,3,3,5
1202,0.017,163.559425,0,0,0.85,2,0,4
1203,3.063,163.559425,0,3,0.15,2,0,6
1204,0.007,196.635032,0,0,0.35,2,0,5
1205,0.03,161.454891,0,0,1.5,3,0,3
1206,0.042,86.592963,0,0,2.1,2,0,4
1207,0.021,128.923874,0,0,1.05,2,0,4
1208,0.013,163.489825,0,0,0.65,2,0,5
1209,0.039,133.760082,0,0,1.2,1,3,4
1210,0.006,166.291099,0,0,0.3,3,0,5
1211,0.006,196.635032,0,0,0.3,3,0,6
1212,4.064,100.684475,0,4,0.7,1,10,4
1213,0.004,163.559425,0,0,0.2,2,0,6
1214,0.009,196.635032,0,0,0.45,1,0,5
1215,0.006,196.635032,0,0,0.3,2,0,5
1216,0.007,163.559425,0,0,0.35,2,0,6
1217,0.02,125.168987,0,0,1,1,0,4
1218,0.014,166.291099,0,0,0.7,2,0,4
1219,0.017,133.259967,0,0,0.85,1,0,4
1220,3.145,196.635032,0,3,1.25,2,0,4
1221,0.019,163.559425,0,0,0.95,2,0,3
1222,0.019,163.559425,0,0,0.95,1,0,4
1223,0.015,157.924459,0,0,0.75,2,0,5
1224,0.015,110.382085,0,0,0.75,1,0,4
1225,0.007,196.635032,0,0,0.35,3,0,6
1226,0.009,133.215492,0,0,0.45,5,0,5
1227,0.029,166.291099,0,0,0.7,2,3,4
1228,0.01,133.215492,0,0,0.5,1,0,5
1229,0.027,166.291099,0,0,0.6,2,3,4
1230,0.009,163.559425,0,0,0.45,2,0,5
1231,4.063,191.798824,0,4,0.65,2,10,5
1232,0.003,163.559425,0,0,0.15,2,0,6
1233,3.049,166.291099,0,3,0.2,2,0,5
1234,0.025,92.09338,0,0,1.25,1,0,4
1235,4.068,148.2939,0,4,0.9,1,10,3
1236,0.021,163.559425,0,0,1.05,2,0,4
1237,0.166,98.977222,0,0,8.3,1,0,-1
1238,3.073,191.798824,0,3,0.65,3,0,5
1239,0.028,144.879187,0,0,1.4,1,0,1
1240,0.018,102.916034,0,0,0.9,1,0,4
1241,3.072,163.559425,0,3,0.6,3,0,6
1242,0.014,131.028408,0,0,0.7,1,0,3
1243,3.058,117.405377,0,3,0.65,3,0,5
1244,4.101,118.98478,0,4,2.55,3,10,4
1245,0.025,161.454891,0,0,1.25,2,0,4
1246,0.01,196.635032,0,0,0.5,2,0,4
1247,0.021,133.215492,0,0,1.05,3,0,4
1248,4.232,192.30151,0,4,0.85,2,10,5
1249,0.02,114.535254,0,0,1,1,0,1
1250,0.007,196.565432,0,0,0.35,3,0,5
1251,0.02,166.291099,0,0,1,1,0,4
1252,3.078,163.559425,0,3,0.15,2,3,6
1253,4.18,67.368135,0,4,3,1,0,2
1254,0.006,166.291099,0,0,0.3,3,0,5
1255,0.022,131.028408,0,0,1.1,1,0,4
1256,3.069,196.565432,0,3,0.45,3,0,6
1257,0.013,178.839432,0,0,0.65,2,0,6
1258,0.025,182.47392,0,0,1.25,2,0,5
1259,0.011,133.215492,0,0,0.55,2,0,4
1260,0.006,133.215492,0,0,0.3,2,0,6
1261,0.006,196.635032,0,0,0.3,2,0,5
1262,0.015,196.635032,0,0,0.75,2,0,4
1263,0.051,147.293779,0,0,2.55,1,0,4
1264,0.02,166.291099,0,0,1,2,0,4
1265,3.066,163.559425,0,3,0.3,3,0,6
1266,4.131,101.822513,0,4,4.05,1,10,3
1267,3.084,163.559425,0,3,0.45,2,3,5
1268,4.133,152.129987,0,4,2.9,2,3,5
1269,0.011,163.559425,0,0,0.55,3,0,5
1270,0.035,127.580526,0,0,1,3,3,4
1271,0.025,51.380603,0,0,1.25,2,0,5
1272,4.046,118.98478,0,4,2.3,1,0,4
1273,3.066,196.635032,0,3,0.3,3,0,5
1274,0.017,163.559425,0,0,0.85,2,0,4
1275,4.059,158.723217,0,4,0.45,2,10,5
1276,3.067,196.565432,0,3,0.35,2,0,5
1277,0.004,133.215492,0,0,0.2,3,0,6
1278,3.069,163.559425,0,3,0.45,3,0,6
1279,0.016,108.468762,0,0,0.8,2,0,4
1280,4.089,114.148572,0,4,1.95,1,10,5
1281,0.05,125.98689,0,0,2.5,4,0,5
1282,4.071,126.694886,0,4,1.05,1,10,4
1283,0.024,161.454891,0,0,1.2,2,0,4
1284,0.017,133.215492,0,0,0.85,2,0,4
1285,0.011,107.752242,0,0,0.55,2,0,5
1286,0.004,196.635032,0,0,0.2,2,0,5
1287,0.018,196.635032,0,0,0.15,3,3,6
